1,aardvark
2,abyssinian
3,accelerator
4,accordion
5,account
6,accountant
7,acknowledgment
8,acoustic
9,acrylic
10,act
11,action
12,active
13,activity
14,actor
15,actress
16,adapter
17,addition
18,address
19,adjustment
20,adult
21,advantage
22,advertisement
23,advice
24,afghanistan
25,africa
26,aftermath
27,afternoon
28,aftershave
29,afterthought
30,age
31,agenda
32,agreement
33,air
34,airbus
35,airmail
36,airplane
37,airport
38,airship
39,alarm
40,albatross
41,alcohol
42,algebra
43,algeria
44,alibi
45,alley
46,alligator
47,alloy
48,almanac
49,alphabet
50,alto
51,aluminium
52,aluminum
53,ambulance
54,america
55,amount
56,amusement
57,anatomy
58,anethesiologist
59,anger
60,angle
61,angora
62,animal
63,anime
64,ankle
65,answer
66,ant
67,antarctica
68,anteater
69,antelope
70,anthony
71,anthropology
72,apartment
73,apology
74,apparatus
75,apparel
76,appeal
77,appendix
78,apple
79,appliance
80,approval
81,april
82,aquarius
83,arch
84,archaeology
85,archeology
86,archer
87,architecture
88,area
89,argentina
90,argument
91,aries
92,arithmetic
93,arm
94,armadillo
95,armchair
96,armenian
97,army
98,arrow
99,art
100,ash
101,ashtray
102,asia
103,asparagus
104,asphalt
105,asterisk
106,astronomy
107,athlete
108,atm
109,atom
110,attack
111,attempt
112,attention
113,attic
114,attraction
115,august
116,aunt
117,australia
118,australian
119,author
120,authorisation
121,authority
122,authorization
123,avenue
124,babies
125,baboon
126,baby
127,back
128,backbone
129,bacon
130,badge
131,badger
132,bag
133,bagel
134,bagpipe
135,bail
136,bait
137,baker
138,bakery
139,balance
140,balinese
141,ball
142,balloon
143,bamboo
144,banana
145,band
146,bandana
147,bangladesh
148,bangle
149,banjo
150,bank
151,bankbook
152,banker
153,bar
154,barbara
155,barber
156,barge
157,baritone
158,barometer
159,base
160,baseball
161,basement
162,basin
163,basket
164,basketball
165,bass
166,bassoon
167,bat
168,bath
169,bathroom
170,bathtub
171,battery
172,battle
173,bay
174,beach
175,bead
176,beam
177,bean
178,bear
179,beard
180,beast
181,beat
182,beautician
183,beauty
184,beaver
185,bed
186,bedroom
187,bee
188,beech
189,beef
190,beer
191,beet
192,beetle
193,beggar
194,beginner
195,begonia
196,behavior
197,belgian
198,belief
199,believe
200,bell
201,belt
202,bench
203,bengal
204,beret
205,berry
206,bestseller
207,betty
208,bibliography
209,bicycle
210,bike
211,bill
212,billboard
213,biology
214,biplane
215,birch
216,bird
217,birth
218,birthday
219,bit
220,bite
221,black
222,bladder
223,blade
224,blanket
225,blinker
226,blizzard
227,block
228,blood
229,blouse
230,blow
231,blowgun
232,blue
233,board
234,boat
235,bobcat
236,body
237,bolt
238,bomb
239,bomber
240,bone
241,bongo
242,bonsai
243,book
244,bookcase
245,booklet
246,boot
247,border
248,botany
249,bottle
250,bottom
251,boundary
252,bow
253,bowl
254,bowling
255,box
256,boy
257,bra
258,brace
259,bracket
260,brain
261,brake
262,branch
263,brand
264,brandy
265,brass
266,brazil
267,bread
268,break
269,breakfast
270,breath
271,brian
272,brick
273,bridge
274,british
275,broccoli
276,brochure
277,broker
278,bronze
279,brother
280,brother-in-law
281,brow
282,brown
283,brush
284,bubble
285,bucket
286,budget
287,buffer
288,buffet
289,bugle
290,building
291,bulb
292,bull
293,bulldozer
294,bumper
295,bun
296,burglar
297,burma
298,burn
299,burst
300,bus
301,bush
302,business
303,butane
304,butcher
305,butter
306,button
307,buzzard
308,cabbage
309,cabinet
310,cable
311,cactus
312,cafe
313,cake
314,calculator
315,calculus
316,calendar
317,calf
318,call
319,camel
320,camera
321,camp
322,can
323,canada
324,canadian
325,cancer
326,candle
327,cannon
328,canoe
329,canvas
330,cap
331,capital
332,cappelletti
333,capricorn
334,captain
335,caption
336,car
337,caravan
338,carbon
339,card
340,cardboard
341,cardigan
342,care
343,carnation
344,carol
345,carp
346,carpenter
347,carriage
348,carrot
349,cart
350,cartoon
351,case
352,cast
353,castanet
354,cat
355,catamaran
356,caterpillar
357,cathedral
358,catsup
359,cattle
360,cauliflower
361,cause
362,caution
363,cave
364,c-clamp
365,cd
366,ceiling
367,celery
368,celeste
369,cell
370,cellar
371,cello
372,celsius
373,cement
374,cemetery
375,cent
376,centimeter
377,century
378,ceramic
379,cereal
380,certification
381,chain
382,chair
383,chalk
384,chance
385,change
386,channel
387,character
388,chard
389,charles
390,chauffeur
391,check
392,cheek
393,cheese
394,cheetah
395,chef
396,chemistry
397,cheque
398,cherries
399,cherry
400,chess
401,chest
402,chick
403,chicken
404,chicory
405,chief
406,child
407,children
408,chill
409,chime
410,chimpanzee
411,chin
412,china
413,chinese
414,chive
415,chocolate
416,chord
417,christmas
418,christopher
419,chronometer
420,church
421,cicada
422,cinema
423,circle
424,circulation
425,cirrus
426,citizenship
427,city
428,clam
429,clarinet
430,class
431,claus
432,clave
433,clef
434,clerk
435,click
436,client
437,climb
438,clipper
439,cloakroom
440,clock
441,close
442,closet
443,cloth
444,cloud
445,cloudy
446,clover
447,club
448,clutch
449,coach
450,coal
451,coast
452,coat
453,cobweb
454,cockroach
455,cocktail
456,cocoa
457,cod
458,coffee
459,coil
460,coin
461,coke
462,cold
463,collar
464,college
465,collision
466,colombia
467,colon
468,colony
469,color
470,colt
471,column
472,columnist
473,comb
474,comfort
475,comic
476,comma
477,command
478,commission
479,committee
480,community
481,company
482,comparison
483,competition
484,competitor
485,composer
486,composition
487,computer
488,condition
489,condor
490,cone
491,confirmation
492,conga
493,congo
494,conifer
495,connection
496,consonant
497,continent
498,control
499,cook
500,cooking
501,copper
502,copy
503,copyright
504,cord
505,cork
506,cormorant
507,corn
508,cornet
509,correspondent
510,cost
511,cotton
512,couch
513,cougar
514,cough
515,country
516,course
517,court
518,cousin
519,cover
520,cow
521,cowbell
522,crab
523,crack
524,cracker
525,craftsman
526,crate
527,crawdad
528,crayfish
529,crayon
530,cream
531,creator
532,creature
533,credit
534,creditor
535,creek
536,crib
537,cricket
538,crime
539,criminal
540,crocodile
541,crocus
542,croissant
543,crook
544,crop
545,cross
546,crow
547,crowd
548,crown
549,crush
550,cry
551,cub
552,cuban
553,cucumber
554,cultivator
555,cup
556,cupboard
557,cupcake
558,curler
559,currency
560,current
561,curtain
562,curve
563,cushion
564,custard
565,customer
566,cut
567,cuticle
568,cycle
569,cyclone
570,cylinder
571,cymbal
572,dad
573,daffodil
574,dahlia
575,daisy
576,damage
577,dance
578,dancer
579,danger
580,daniel
581,dash
582,dashboard
583,database
584,date
585,daughter
586,david
587,day
588,dead
589,deadline
590,deal
591,death
592,deborah
593,debt
594,debtor
595,decade
596,december
597,decimal
598,decision
599,decrease
600,dedication
601,deer
602,defense
603,deficit
604,degree
605,delete
606,delivery
607,den
608,denim
609,dentist
610,deodorant
611,department
612,deposit
613,description
614,desert
615,design
616,desire
617,desk
618,dessert
619,destruction
620,detail
621,detective
622,development
623,dew
624,diamond
625,diaphragm
626,dibble
627,dictionary
628,dietician
629,difference
630,digestion
631,digger
632,digital
633,dill
634,dime
635,dimple
636,dinghy
637,dinner
638,dinosaur
639,diploma
640,dipstick
641,direction
642,dirt
643,disadvantage
644,discovery
645,discussion
646,disease
647,disgust
648,dish
649,distance
650,distribution
651,distributor
652,diving
653,division
654,dock
655,doctor
656,dog
657,dogsled
658,doll
659,dollar
660,dolphin
661,domain
662,donald
663,donkey
664,donna
665,door
666,dorothy
667,double
668,doubt
669,downtown
670,dragon
671,dragonfly
672,drain
673,drake
674,drama
675,draw
676,drawbridge
677,drawer
678,dream
679,dredger
680,dress
681,dresser
682,dressing
683,drill
684,drink
685,drive
686,driver
687,driving
688,drizzle
689,drop
690,drug
691,drum
692,dry
693,dryer
694,duck
695,duckling
696,dugout
697,dungeon
698,dust
699,eagle
700,ear
701,earth
702,earthquake
703,ease
704,east
705,edge
706,edger
707,editor
708,editorial
709,education
710,edward
711,eel
712,effect
713,egg
714,eggnog
715,eggplant
716,egypt
717,eight
718,elbow
719,element
720,elephant
721,elizabeth
722,ellipse
723,emery
724,employee
725,employer
726,encyclopedia
727,end
728,enemy
729,energy
730,engine
731,engineer
732,engineering
733,english
734,enquiry
735,entrance
736,environment
737,epoch
738,epoxy
739,equinox
740,equipment
741,era
742,error
743,estimate
744,ethernet
745,ethiopia
746,euphonium
747,europe
748,evening
749,event
750,examination
751,example
752,exchange
753,exclamation
754,exhaust
755,ex-husband
756,existence
757,expansion
758,experience
759,expert
760,explanation
761,ex-wife
762,eye
763,eyebrow
764,eyelash
765,eyeliner
766,face
767,facilities
768,fact
769,factory
770,fahrenheit
771,fairies
772,fall
773,family
774,fan
775,fang
776,farm
777,farmer
778,fat
779,father
780,father-in-law
781,faucet
782,fear
783,feast
784,feather
785,feature
786,february
787,fedelini
788,feedback
789,feeling
790,feet
791,felony
792,female
793,fender
794,ferry
795,ferryboat
796,fertilizer
797,fiber
798,fiberglass
799,fibre
800,fiction
801,field
802,fifth
803,fight
804,fighter
805,file
806,find
807,fine
808,finger
809,fir
810,fire
811,fireman
812,fireplace
813,firewall
814,fish
815,fisherman
816,flag
817,flame
818,flare
819,flat
820,flavor
821,flax
822,flesh
823,flight
824,flock
825,flood
826,floor
827,flower
828,flugelhorn
829,flute
830,fly
831,foam
832,fog
833,fold
834,font
835,food
836,foot
837,football
838,footnote
839,force
840,forecast
841,forehead
842,forest
843,forgery
844,fork
845,form
846,format
847,fortnight
848,foundation
849,fountain
850,fowl
851,fox
852,foxglove
853,fragrance
854,frame
855,france
856,freckle
857,freeze
858,freezer
859,freighter
860,french
861,freon
862,friction
863,friday
864,fridge
865,friend
866,frog
867,front
868,frost
869,frown
870,fruit
871,fuel
872,fur
873,furniture
874,galley
875,gallon
876,game
877,gander
878,garage
879,garden
880,garlic
881,gas
882,gasoline
883,gate
884,gateway
885,gauge
886,gazelle
887,gear
888,gearshift
889,geese
890,gemini
891,gender
892,geography
893,geology
894,geometry
895,george
896,geranium
897,german
898,germany
899,ghana
900,ghost
901,giant
902,giraffe
903,girdle
904,girl
905,gladiolus
906,glass
907,glider
908,gliding
909,glockenspiel
910,glove
911,glue
912,goal
913,goat
914,gold
915,goldfish
916,golf
917,gondola
918,gong
919,good-bye
920,goose
921,gore-tex
922,gorilla
923,gosling
924,government
925,governor
926,grade
927,grain
928,gram
929,granddaughter
930,grandfather
931,grandmother
932,grandson
933,grape
934,graphic
935,grass
936,grasshopper
937,gray
938,grease
939,great-grandfather
940,great-grandmother
941,greece
942,greek
943,green
944,grenade
945,grey
946,grill
947,grip
948,ground
949,group
950,grouse
951,growth
952,guarantee
953,guatemalan
954,guide
955,guilty
956,guitar
957,gum
958,gun
959,gym
960,gymnast
961,hacksaw
962,hail
963,hair
964,haircut
965,half-brother
966,half-sister
967,halibut
968,hall
969,hallway
970,hamburger
971,hammer
972,hamster
973,hand
974,handball
975,handicap
976,handle
977,handsaw
978,harbor
979,hardboard
980,hardcover
981,hardhat
982,hardware
983,harmonica
984,harmony
985,harp
986,hat
987,hate
988,hawk
989,head
990,headlight
991,headline
992,health
993,hearing
994,heart
995,heat
996,heaven
997,hedge
998,height
999,helen
1000,helicopter
1001,helium
1002,hell
1003,helmet
1004,help
1005,hemp
1006,hen
1007,heron
1008,herring
1009,hexagon
1010,hill
1011,himalayan
1012,hip
1013,hippopotamus
1014,history
1015,hobbies
1016,hockey
1017,hoe
1018,hole
1019,holiday
1020,home
1021,honey
1022,hood
1023,hook
1024,hope
1025,horn
1026,horse
1027,hose
1028,hospital
1029,hot
1030,hour
1031,hourglass
1032,house
1033,hovercraft
1034,hub
1035,hubcap
1036,humidity
1037,humor
1038,hurricane
1039,hyacinth
1040,hydrant
1041,hydrofoil
1042,hydrogen
1043,hyena
1044,hygienic
1045,ice
1046,icebreaker
1047,icicle
1048,icon
1049,idea
1050,ikebana
1051,illegal
1052,imprisonment
1053,improvement
1054,impulse
1055,inch
1056,income
1057,increase
1058,index
1059,india
1060,indonesia
1061,industry
1062,ink
1063,innocent
1064,input
1065,insect
1066,instruction
1067,instrument
1068,insulation
1069,insurance
1070,interactive
1071,interest
1072,internet
1073,interviewer
1074,intestine
1075,invention
1076,inventory
1077,invoice
1078,iran
1079,iraq
1080,iris
1081,iron
1082,island
1083,israel
1084,italian
1085,italy
1086,jacket
1087,jaguar
1088,jail
1089,jam
1090,james
1091,january
1092,japan
1093,japanese
1094,jar
1095,jasmine
1096,jason
1097,jaw
1098,jeans
1099,jeep
1100,jeff
1101,jelly
1102,jellyfish
1103,jennifer
1104,jet
1105,jewel
1106,jogging
1107,john
1108,join
1109,joke
1110,joseph
1111,journey
1112,judge
1113,judo
1114,juice
1115,july
1116,jumbo
1117,jump
1118,jumper
1119,june
1120,jury
1121,justice
1122,jute
1123,kale
1124,kamikaze
1125,kangaroo
1126,karate
1127,karen
1128,kayak
1129,kendo
1130,kenneth
1131,kenya
1132,ketchup
1133,kettle
1134,kettledrum
1135,kevin
1136,key
1137,keyboard
1138,keyboarding
1139,kick
1140,kidney
1141,kilogram
1142,kilometer
1143,kimberly
1144,kiss
1145,kitchen
1146,kite
1147,kitten
1148,kitty
1149,knee
1150,knickers
1151,knife
1152,knight
1153,knot
1154,knowledge
1155,kohlrabi
1156,korean
1157,laborer
1158,lace
1159,ladybug
1160,lake
1161,lamb
1162,lamp
1163,lan
1164,land
1165,landmine
1166,language
1167,larch
1168,lasagna
1169,latency
1170,latex
1171,lathe
1172,laugh
1173,laundry
1174,laura
1175,law
1176,lawyer
1177,layer
1178,lead
1179,leaf
1180,learning
1181,leather
1182,leek
1183,leg
1184,legal
1185,lemonade
1186,lentil
1187,leo
1188,leopard
1189,letter
1190,lettuce
1191,level
1192,libra
1193,library
1194,license
1195,lier
1196,lift
1197,light
1198,lightning
1199,lilac
1200,lily
1201,limit
1202,linda
1203,line
1204,linen
1205,link
1206,lion
1207,lip
1208,lipstick
1209,liquid
1210,liquor
1211,lisa
1212,list
1213,literature
1214,litter
1215,liver
1216,lizard
1217,llama
1218,loaf
1219,loan
1220,lobster
1221,lock
1222,locket
1223,locust
1224,look
1225,loss
1226,lotion
1227,love
1228,low
1229,lumber
1230,lunch
1231,lunchroom
1232,lung
1233,lunge
1234,lute
1235,luttuce
1236,lycra
1237,lynx
1238,lyocell
1239,lyre
1240,lyric
1241,macaroni
1242,machine
1243,macrame
1244,magazine
1245,magic
1246,magician
1247,maid
1248,mail
1249,mailbox
1250,mailman
1251,makeup
1252,malaysia
1253,male
1254,mall
1255,mallet
1256,man
1257,manager
1258,mandolin
1259,manicure
1260,manx
1261,map
1262,maple
1263,maraca
1264,marble
1265,march
1266,margaret
1267,margin
1268,maria
1269,marimba
1270,mark
1271,market
1272,mary
1273,mascara
1274,mask
1275,mass
1276,match
1277,math
1278,mattock
1279,may
1280,mayonnaise
1281,meal
1282,measure
1283,meat
1284,mechanic
1285,medicine
1286,meeting
1287,melody
1288,memory
1289,men
1290,menu
1291,mercury
1292,message
1293,metal
1294,meteorology
1295,meter
1296,methane
1297,mexican
1298,mexico
1299,mice
1300,michael
1301,michelle
1302,microwave
1303,middle
1304,mile
1305,milk
1306,milkshake
1307,millennium
1308,millimeter
1309,millisecond
1310,mimosa
1311,mind
1312,mine
1313,minibus
1314,mini-skirt
1315,minister
1316,mint
1317,minute
1318,mirror
1319,missile
1320,mist
1321,mistake
1322,mitten
1323,moat
1324,modem
1325,mole
1326,mom
1327,monday
1328,money
1329,monkey
1330,month
1331,moon
1332,morning
1333,morocco
1334,mosque
1335,mosquito
1336,mother
1337,mother-in-law
1338,motion
1339,motorboat
1340,motorcycle
1341,mountain
1342,mouse
1343,moustache
1344,mouth
1345,move
1346,multi-hop
1347,multimedia
1348,muscle
1349,museum
1350,music
1351,musician
1352,mustard
1353,myanmar
1354,nail
1355,name
1356,nancy
1357,napkin
1358,narcissus
1359,nation
1360,neck
1361,need
1362,needle
1363,neon
1364,nepal
1365,nephew
1366,nerve
1367,nest
1368,net
1369,network
1370,news
1371,newsprint
1372,newsstand
1373,nic
1374,nickel
1375,niece
1376,nigeria
1377,night
1378,nitrogen
1379,node
1380,noise
1381,noodle
1382,north
1383,north america
1384,north korea
1385,norwegian
1386,nose
1387,note
1388,notebook
1389,notify
1390,novel
1391,november
1392,number
1393,numeric
1394,nurse
1395,nut
1396,nylon
1397,oak
1398,oatmeal
1399,objective
1400,oboe
1401,observation
1402,occupation
1403,ocean
1404,ocelot
1405,octagon
1406,octave
1407,october
1408,octopus
1409,odometer
1410,offence
1411,offer
1412,office
1413,oil
1414,okra
1415,olive
1416,onion
1417,open
1418,opera
1419,operation
1420,ophthalmologist
1421,opinion
1422,option
1423,orange
1424,orchestra
1425,orchid
1426,order
1427,organ
1428,organisation
1429,organization
1430,ornament
1431,ostrich
1432,otter
1433,ounce
1434,output
1435,outrigger
1436,oval
1437,oven
1438,overcoat
1439,owl
1440,owner
1441,ox
1442,oxygen
1443,oyster
1444,package
1445,packet
1446,page
1447,pail
1448,pain
1449,paint
1450,pair
1451,pajama
1452,pakistan
1453,palm
1454,pamphlet
1455,pan
1456,pancake
1457,pancreas
1458,panda
1459,pansy
1460,panther
1461,panties
1462,pantry
1463,pants
1464,panty
1465,pantyhose
1466,paper
1467,paperback
1468,parade
1469,parallelogram
1470,parcel
1471,parent
1472,parentheses
1473,park
1474,parrot
1475,parsnip
1476,part
1477,particle
1478,partner
1479,partridge
1480,party
1481,passbook
1482,passenger
1483,passive
1484,pasta
1485,paste
1486,pastor
1487,pastry
1488,patch
1489,path
1490,patient
1491,patio
1492,patricia
1493,paul
1494,payment
1495,pea
1496,peace
1497,peak
1498,peanut
1499,pear
1500,pedestrian
1501,pediatrician
1502,peen
1503,peer-to-peer
1504,pelican
1505,pen
1506,penalty
1507,pencil
1508,pendulum
1509,pentagon
1510,peony
1511,pepper
1512,perch
1513,perfume
1514,period
1515,periodical
1516,peripheral
1517,permission
1518,persian
1519,person
1520,peru
1521,pest
1522,pet
1523,pharmacist
1524,pheasant
1525,philippines
1526,philosophy
1527,phone
1528,physician
1529,piano
1530,piccolo
1531,pickle
1532,picture
1533,pie
1534,pig
1535,pigeon
1536,pike
1537,pillow
1538,pilot
1539,pimple
1540,pin
1541,pine
1542,ping
1543,pink
1544,pint
1545,pipe
1546,pisces
1547,pizza
1548,place
1549,plain
1550,plane
1551,planet
1552,plant
1553,plantation
1554,plaster
1555,plasterboard
1556,plastic
1557,plate
1558,platinum
1559,play
1560,playground
1561,playroom
1562,pleasure
1563,plier
1564,plot
1565,plough
1566,plow
1567,plywood
1568,pocket
1569,poet
1570,point
1571,poison
1572,poland
1573,police
1574,policeman
1575,polish
1576,politician
1577,pollution
1578,polo
1579,polyester
1580,pond
1581,popcorn
1582,poppy
1583,population
1584,porch
1585,porcupine
1586,port
1587,porter
1588,position
1589,possibility
1590,postage
1591,postbox
1592,pot
1593,potato
1594,poultry
1595,pound
1596,powder
1597,power
1598,precipitation
1599,preface
1600,pressure
1601,price
1602,priest
1603,print
1604,printer
1605,prison
1606,probation
1607,process
1608,processing
1609,produce
1610,product
1611,production
1612,professor
1613,profit
1614,promotion
1615,propane
1616,property
1617,prose
1618,prosecution
1619,protest
1620,protocol
1621,pruner
1622,psychiatrist
1623,psychology
1624,ptarmigan
1625,puffin
1626,pull
1627,puma
1628,pump
1629,pumpkin
1630,punch
1631,punishment
1632,puppy
1633,purchase
1634,purple
1635,purpose
1636,push
1637,pvc
1638,pyjama
1639,pyramid
1640,quail
1641,quality
1642,quart
1643,quarter
1644,quartz
1645,queen
1646,question
1647,quicksand
1648,quiet
1649,quill
1650,quilt
1651,quince
1652,quit
1653,quiver
1654,quotation
1655,rabbi
1656,rabbit
1657,racing
1658,radar
1659,radiator
1660,radio
1661,radish
1662,raft
1663,rail
1664,railway
1665,rain
1666,rainbow
1667,raincoat
1668,rainstorm
1669,rake
1670,ramie
1671,random
1672,range
1673,rat
1674,rate
1675,raven
1676,ravioli
1677,ray
1678,rayon
1679,reaction
1680,reading
1681,reason
1682,receipt
1683,recess
1684,record
1685,recorder
1686,rectangle
1687,red
1688,reduction
1689,refrigerator
1690,refund
1691,regret
1692,reindeer
1693,relation
1694,relative
1695,religion
1696,relish
1697,reminder
1698,repair
1699,replace
1700,report
1701,representative
1702,request
1703,resolution
1704,respect
1705,responsibility
1706,rest
1707,restaurant
1708,result
1709,retailer
1710,revolve
1711,revolver
1712,reward
1713,rhinoceros
1714,rhythm
1715,rice
1716,richard
1717,riddle
1718,rifle
1719,ring
1720,rise
1721,risk
1722,river
1723,riverbed
1724,road
1725,roadway
1726,roast
1727,robert
1728,robin
1729,rock
1730,rocket
1731,rod
1732,roll
1733,romania
1734,romanian
1735,ronald
1736,roof
1737,room
1738,rooster
1739,root
1740,rose
1741,rotate
1742,route
1743,router
1744,rowboat
1745,rub
1746,rubber
1747,rugby
1748,rule
1749,run
1750,russia
1751,russian
1752,rutabaga
1753,ruth
1754,sack
1755,sagittarius
1756,sail
1757,sailboat
1758,sailor
1759,salad
1760,salary
1761,sale
1762,salesman
1763,salmon
1764,salt
1765,sampan
1766,samurai
1767,sand
1768,sandra
1769,sandwich
1770,santa
1771,sarah
1772,sardine
1773,satin
1774,saturday
1775,sauce
1776,saudi arabia
1777,sausage
1778,save
1779,saw
1780,saxophone
1781,scale
1782,scallion
1783,scanner
1784,scarecrow
1785,scarf
1786,scene
1787,scent
1788,schedule
1789,school
1790,science
1791,scissors
1792,scooter
1793,scorpio
1794,scorpion
1795,scraper
1796,screen
1797,screw
1798,screwdriver
1799,sea
1800,seagull
1801,seal
1802,seaplane
1803,search
1804,seashore
1805,season
1806,seat
1807,second
1808,secretary
1809,secure
1810,security
1811,seed
1812,seeder
1813,segment
1814,select
1815,selection
1816,self
1817,semicircle
1818,semicolon
1819,sense
1820,sentence
1821,september
1822,servant
1823,server
1824,session
1825,sex
1826,shade
1827,shadow
1828,shake
1829,shallot
1830,shame
1831,shampoo
1832,shape
1833,share
1834,shark
1835,sharon
1836,shears
1837,sheep
1838,sheet
1839,shelf
1840,shell
1841,shield
1842,shingle
1843,ship
1844,shirt
1845,shock
1846,shoe
1847,shoemaker
1848,shop
1849,shorts
1850,shoulder
1851,shovel
1852,show
1853,shrimp
1854,shrine
1855,siamese
1856,siberian
1857,side
1858,sideboard
1859,sidecar
1860,sidewalk
1861,sign
1862,signature
1863,silica
1864,silk
1865,silver
1866,sing
1867,singer
1868,single
1869,sink
1870,sister
1871,sister-in-law
1872,size
1873,skate
1874,skiing
1875,skill
1876,skin
1877,skirt
1878,sky
1879,slash
1880,slave
1881,sled
1882,sleep
1883,sleet
1884,slice
1885,slime
1886,slip
1887,slipper
1888,slope
1889,smash
1890,smell
1891,smile
1892,smoke
1893,snail
1894,snake
1895,sneeze
1896,snow
1897,snowboarding
1898,snowflake
1899,snowman
1900,snowplow
1901,snowstorm
1902,soap
1903,soccer
1904,society
1905,sociology
1906,sock
1907,soda
1908,sofa
1909,softball
1910,softdrink
1911,software
1912,soil
1913,soldier
1914,son
1915,song
1916,soprano
1917,sort
1918,sound
1919,soup
1920,sousaphone
1921,south africa
1922,south america
1923,south korea
1924,soy
1925,soybean
1926,space
1927,spade
1928,spaghetti
1929,spain
1930,spandex
1931,spark
1932,sparrow
1933,spear
1934,specialist
1935,speedboat
1936,sphere
1937,sphynx
1938,spider
1939,spike
1940,spinach
1941,spleen
1942,sponge
1943,spoon
1944,spot
1945,spring
1946,sprout
1947,spruce
1948,spy
1949,square
1950,squash
1951,squid
1952,squirrel
1953,stage
1954,staircase
1955,stamp
1956,star
1957,start
1958,starter
1959,state
1960,statement
1961,station
1962,statistic
1963,steam
1964,steel
1965,stem
1966,step
1967,step-aunt
1968,step-brother
1969,stepdaughter
1970,step-daughter
1971,step-father
1972,step-grandfather
1973,step-grandmother
1974,stepmother
1975,step-mother
1976,step-sister
1977,stepson
1978,step-son
1979,step-uncle
1980,steven
1981,stew
1982,stick
1983,stinger
1984,stitch
1985,stock
1986,stocking
1987,stomach
1988,stone
1989,stool
1990,stop
1991,stopsign
1992,stopwatch
1993,store
1994,storm
1995,story
1996,stove
1997,stranger
1998,straw
1999,stream
2000,street
2001,streetcar
2002,stretch
2003,string
2004,structure
2005,study
2006,sturgeon
2007,submarine
2008,substance
2009,subway
2010,success
2011,sudan
2012,suede
2013,sugar
2014,suggestion
2015,suit
2016,summer
2017,sun
2018,sunday
2019,sundial
2020,sunflower
2021,sunshine
2022,supermarket
2023,supply
2024,support
2025,surfboard
2026,surgeon
2027,surname
2028,surprise
2029,susan
2030,sushi
2031,swallow
2032,swamp
2033,swan
2034,sweater
2035,sweatshirt
2036,sweatshop
2037,swedish
2038,sweets
2039,swim
2040,swimming
2041,swing
2042,swiss
2043,switch
2044,sword
2045,swordfish
2046,sycamore
2047,syria
2048,syrup
2049,system
2050,table
2051,tablecloth
2052,tabletop
2053,tachometer
2054,tadpole
2055,tail
2056,tailor
2057,taiwan
2058,talk
2059,tank
2060,tanker
2061,tanzania
2062,target
2063,taste
2064,taurus
2065,tax
2066,taxi
2067,taxicab
2068,tea
2069,teacher
2070,teaching
2071,team
2072,technician
2073,teeth
2074,television
2075,teller
2076,temper
2077,temperature
2078,temple
2079,tempo
2080,tendency
2081,tennis
2082,tenor
2083,tent
2084,territory
2085,test
2086,text
2087,textbook
2088,texture
2089,thailand
2090,theater
2091,theory
2092,thermometer
2093,thing
2094,thistle
2095,thomas
2096,thought
2097,thread
2098,thrill
2099,throat
2100,throne
2101,thumb
2102,thunder
2103,thunderstorm
2104,thursday
2105,ticket
2106,tie
2107,tiger
2108,tights
2109,tile
2110,timbale
2111,time
2112,timer
2113,timpani
2114,tin
2115,tip
2116,tire
2117,titanium
2118,title
2119,toad
2120,toast
2121,toe
2122,toenail
2123,toilet
2124,tomato
2125,tom-tom
2126,ton
2127,tongue
2128,tooth
2129,toothbrush
2130,toothpaste
2131,top
2132,tornado
2133,tortellini
2134,tortoise
2135,touch
2136,tower
2137,town
2138,toy
2139,tractor
2140,trade
2141,traffic
2142,trail
2143,train
2144,tramp
2145,transaction
2146,transmission
2147,transport
2148,trapezoid
2149,tray
2150,treatment
2151,tree
2152,trial
2153,triangle
2154,trick
2155,trigonometry
2156,trip
2157,trombone
2158,trouble
2159,trousers
2160,trout
2161,trowel
2162,truck
2163,trumpet
2164,trunk
2165,t-shirt
2166,tsunami
2167,tub
2168,tuba
2169,tuesday
2170,tugboat
2171,tulip
2172,tuna
2173,tune
2174,turkey
2175,turkish
2176,turn
2177,turnip
2178,turnover
2179,turret
2180,turtle
2181,tv
2182,twig
2183,twilight
2184,twine
2185,twist
2186,typhoon
2187,tyvek
2188,uganda
2189,ukraine
2190,ukrainian
2191,umbrella
2192,uncle
2193,underclothes
2194,underpants
2195,undershirt
2196,underwear
2197,unit
2198,united kingdom
2199,use
2200,utensil
2201,uzbekistan
2202,vacation
2203,vacuum
2204,valley
2205,value
2206,van
2207,vase
2208,vault
2209,vegetable
2210,vegetarian
2211,veil
2212,vein
2213,velvet
2214,venezuela
2215,venezuelan
2216,verdict
2217,vermicelli
2218,verse
2219,vessel
2220,vest
2221,veterinarian
2222,vibraphone
2223,vietnam
2224,view
2225,vinyl
2226,viola
2227,violet
2228,violin
2229,virgo
2230,viscose
2231,vise
2232,vision
2233,visitor
2234,voice
2235,volcano
2236,volleyball
2237,voyage
2238,vulture
2239,waiter
2240,waitress
2241,walk
2242,wall
2243,wallaby
2244,wallet
2245,walrus
2246,war
2247,warm
2248,wash
2249,washer
2250,wasp
2251,waste
2252,watch
2253,watchmaker
2254,water
2255,waterfall
2256,wave
2257,wax
2258,way
2259,wealth
2260,weapon
2261,weasel
2262,weather
2263,wedge
2264,wednesday
2265,weed
2266,weeder
2267,week
2268,weight
2269,whale
2270,wheel
2271,whip
2272,whiskey
2273,whistle
2274,white
2275,wholesaler
2276,whorl
2277,wilderness
2278,william
2279,willow
2280,wind
2281,windchime
2282,window
2283,windscreen
2284,windshield
2285,wine
2286,wing
2287,winter
2288,wire
2289,wish
2290,witch
2291,withdrawal
2292,witness
2293,wolf
2294,woman
2295,women
2296,wood
2297,wool
2298,woolen
2299,word
2300,work
2301,workshop
2302,worm
2303,wound
2304,wrecker
2305,wren
2306,wrench
2307,wrinkle
2308,wrist
2309,writer
2310,xylophone
2311,yacht
2312,yak
2313,yam
2314,yard
2315,yarn
2316,year
2317,yellow
2318,yew
2319,yogurt
2320,yoke
2321,yugoslavian
2322,zebra
2323,zephyr
2324,zinc
2325,zipper
2326,zone
2327,zoo
2328,zoology
2329,label
2330,teen
2331,index
2332,vacation
2333,advocate
2334,draft
2335,extraordinary
2336,heaven
2337,rough
2338,yell
2339,pregnant
2340,distant
2341,drama
2342,satellite
2343,personally
2344,clock
2345,chocolate
2346,Italian
2347,Canadian
2348,ceiling
2349,sweep
2350,advertising
2351,universal
2352,spin
2353,button
2354,bell
2355,rank
2356,darkness
2357,clothing
2358,super
2359,yield
2360,fence
2361,portrait
2362,survival
2363,roughly
2364,lawsuit
2365,testimony
2366,bunch
2367,found
2368,burden
2369,react
2370,chamber
2371,furniture
2372,cooperation
2373,string
2374,ceremony
2375,communicate
2376,cheek
2377,lost
2378,profile
2379,mechanism
2380,disagree
2381,penalty
2382,ie
2383,resort
2384,destruction
2385,unlikely
2386,tissue
2387,constitutional
2388,pant
2389,stranger
2390,infection
2391,cabinet
2392,broken
2393,apple
2394,electric
2395,proceed
2396,bet
2397,literary
2398,virus
2399,stupid
2400,dispute
2401,fortune
2402,strategic
2403,assistant
2404,overcome
2405,remarkable
2406,occupy
2407,statistics
2408,shopping
2409,cousin
2410,encounter
2411,wipe
2412,initially
2413,blind
2414,port
2415,electricity
2416,genetic
2417,adviser
2418,spokesman
2419,retain
2420,latter
2421,incentive
2422,slave
2423,translate
2424,accurate
2425,whereas
2426,terror
2427,expansion
2428,elite
2429,Olympic
2430,dirt
2431,odd
2432,rice
2433,bullet
2434,tight
2435,Bible
2436,chart
2437,solar
2438,square
2439,concentration
2440,complicated
2441,gently
2442,champion
2443,scenario
2444,telescope
2445,reflection
2446,revolution
2447,strip
2448,interpret
2449,friendly
2450,tournament
2451,fiction
2452,detect
2453,tremendous
2454,lifetime
2455,recommendation
2456,senator
2457,hunting
2458,salad
2459,guarantee
2460,innocent
2461,boundary
2462,pause
2463,remote
2464,satisfaction
2465,journal
2466,bench
2467,lover
2468,raw
2469,awareness
2470,surprising
2471,withdraw
2472,deck
2473,similarly
2474,newly
2475,pole
2476,testify
2477,mode
2478,dialogue
2479,imply
2480,naturally
2481,mutual
2482,founder
2483,advanced
2484,pride
2485,dismiss
2486,aircraft
2487,delivery
2488,mainly
2489,bake
2490,freeze
2491,platform
2492,finance
2493,sink
2494,attractive
2495,diverse
2496,relevant
2497,ideal
2498,joy
2499,regularly
2500,working
2501,singer
2502,evolve
2503,shooting
2504,partly
2505,unknown
2506,offense
2507,counter
2508,DNA
2509,potentially
2510,thirty
2511,justify
2512,protest
2513,crash
2514,craft
2515,treaty
2516,terrorist
2517,insight
2518,possess
2519,politically
2520,tap
2521,extensive
2522,episode
2523,swim
2524,tire
2525,fault
2526,loose
2527,shortly
2528,originally
2529,considerable
2530,prior
2531,intellectual
2532,assault
2533,relax
2534,stair
2535,adventure
2536,external
2537,proof
2538,confident
2539,headquarters
2540,sudden
2541,dirty
2542,violation
2543,tongue
2544,license
2545,shelter
2546,rub
2547,controversy
2548,entrance
2549,properly
2550,fade
2551,defensive
2552,tragedy
2553,net
2554,characterize
2555,funeral
2556,profession
2557,alter
2558,constitute
2559,establishment
2560,squeeze
2561,imagination
2562,mask
2563,convert
2564,comprehensive
2565,prominent
2566,presentation
2567,regardless
2568,load
2569,stable
2570,introduction
2571,pretend
2572,elderly
2573,representation
2574,deer
2575,split
2576,violate
2577,partnership
2578,pollution
2579,emission
2580,steady
2581,vital
2582,fate
2583,earnings
2584,oven
2585,distinction
2586,segment
2587,nowhere
2588,poet
2589,mere
2590,exciting
2591,variation
2592,comfort
2593,radical
2594,adapt
2595,Irish
2596,honey
2597,correspondent
2598,pale
2599,musician
2600,significance
2601,vessel
2602,storage
2603,flee
2604,mm-hmm
2605,leather
2606,distribute
2607,evolution
2608,ill
2609,tribe
2610,shelf
2611,grandfather
2612,lawn
2613,buyer
2614,dining
2615,wisdom
2616,council
2617,vulnerable
2618,instance
2619,garlic
2620,capability
2621,poetry
2622,celebrity
2623,gradually
2624,stability
2625,fantasy
2626,scared
2627,plot
2628,framework
2629,gesture
2630,depending
2631,ongoing
2632,psychology
2633,counselor
2634,chapter
2635,divorce
2636,owe
2637,pipe
2638,athletic
2639,slight
2640,math
2641,shade
2642,tail
2643,sustain
2644,mount
2645,obligation
2646,angle
2647,palm
2648,differ
2649,custom
2650,economist
2651,fifteen
2652,soup
2653,celebration
2654,efficient
2655,composition
2656,satisfy
2657,pile
2658,briefly
2659,carbon
2660,closer
2661,consume
2662,scheme
2663,crack
2664,frequency
2665,tobacco
2666,survivor
2667,besides
2668,psychologist
2669,wealthy
2670,galaxy
2671,given
2672,ski
2673,limitation
2674,trace
2675,appointment
2676,preference
2677,meter
2678,explosion
2679,publicly
2680,incredible
2681,fighter
2682,rapid
2683,admission
2684,hunter
2685,educate
2686,painful
2687,friendship
2688,aide
2689,infant
2690,calculate
2691,fifty
2692,rid
2693,porch
2694,tendency
2695,uniform
2696,formation
2697,scholarship
2698,reservation
2699,efficiency
2700,qualify
2701,mall
2702,derive
2703,scandal
2704,PC
2705,helpful
2706,impress
2707,heel
2708,resemble
2709,privacy
2710,fabric
2711,contest
2712,proportion
2713,guideline
2714,rifle
2715,maintenance
2716,conviction
2717,trick
2718,organic
2719,tent
2720,examination
2721,publisher
2722,strengthen
2723,proposed
2724,myth
2725,sophisticated
2726,cow
2727,etc
2728,standing
2729,asleep
2730,tennis
2731,nerve
2732,barrel
2733,bombing
2734,membership
2735,ratio
2736,menu
2737,controversial
2738,desperate
2739,lifestyle
2740,humor
2741,loud
2742,glove
2743,sufficient
2744,narrative
2745,photographer
2746,helicopter
2747,modest
2748,provider
2749,delay
2750,agricultural
2751,explode
2752,stroke
2753,scope
2754,punishment
2755,handful
2756,badly
2757,horizon
2758,curious
2759,downtown
2760,girlfriend
2761,prompt
2762,cholesterol
2763,absorb
2764,adjustment
2765,taxpayer
2766,eager
2767,principal
2768,detailed
2769,motivation
2770,assignment
2771,restriction
2772,laboratory
2773,workshop
2774,differently
2775,auto
2776,romantic
2777,cotton
2778,motor
2779,sue
2780,flavor
2781,overlook
2782,float
2783,undergo
2784,sequence
2785,demonstration
2786,jet
2787,orange
2788,consumption
2789,assert
2790,blade
2791,temporary
2792,medication
2793,cabin
2794,bite
2795,edition
2796,valley
2797,yours
2798,pitch
2799,pine
2800,brilliant
2801,versus
2802,manufacturing
2803,absolute
2804,chef
2805,discrimination
2806,offensive
2807,boom
2808,register
2809,appoint
2810,heritage
2811,God
2812,dominant
2813,successfully
2814,shit
2815,lemon
2816,hungry
2817,wander
2818,submit
2819,economics
2820,naked
2821,anticipate
2822,nut
2823,legacy
2824,extension
2825,shrug
2826,battery
2827,arrival
2828,legitimate
2829,orientation
2830,inflation
2831,cope
2832,flame
2833,cluster
2834,wound
2835,dependent
2836,shower
2837,institutional
2838,depict
2839,operating
2840,flesh
2841,garage
2842,operator
2843,instructor
2844,collapse
2845,borrow
2846,furthermore
2847,comedy
2848,mortgage
2849,sanction
2850,civilian
2851,twelve
2852,weekly
2853,habitat
2854,grain
2855,brush
2856,consciousness
2857,devote
2858,measurement
2859,province
2860,ease
2861,seize
2862,ethics
2863,nomination
2864,permission
2865,wise
2866,actress
2867,summit
2868,acid
2869,odds
2870,gifted
2871,frustration
2872,medium
2873,physically
2874,distinguish
2875,shore
2876,repeatedly
2877,lung
2878,running
2879,distinct
2880,artistic
2881,discourse
2882,basket
2883,ah
2884,fighting
2885,impressive
2886,competitor
2887,ugly
2888,worried
2889,portray
2890,powder
2891,ghost
2892,persuade
2893,moderate
2894,subsequent
2895,continued
2896,cookie
2897,carrier
2898,cooking
2899,frequent
2900,ban
2901,awful
2902,admire
2903,pet
2904,miracle
2905,exceed
2906,rhythm
2907,widespread
2908,killing
2909,lovely
2910,sin
2911,charity
2912,script
2913,tactic
2914,identification
2915,transformation
2916,everyday
2917,headline
2918,venture
2919,invasion
2920,nonetheless
2921,adequate
2922,piano
2923,grocery
2924,intensity
2925,exhibit
2926,blanket
2927,margin
2928,quarterback
2929,mouse
2930,rope
2931,concrete
2932,prescription
2933,African-American
2934,chase
2935,brick
2936,recruit
2937,patch
2938,consensus
2939,horror
2940,recording
2941,changing
2942,painter
2943,colonial
2944,pie
2945,sake
2946,gaze
2947,courage
2948,pregnancy
2949,swear
2950,defeat
2951,clue
2952,reinforce
2953,confusion
2954,slice
2955,occupation
2956,dear
2957,coal
2958,sacred
2959,formula
2960,cognitive
2961,collective
2962,exact
2963,uncle
2964,captain
2965,sigh
2966,attribute
2967,dare
2968,homeless
2969,gallery
2970,soccer
2971,defendant
2972,tunnel
2973,fitness
2974,lap
2975,grave
2976,toe
2977,container
2978,virtue
2979,abroad
2980,architect
2981,dramatically
2982,makeup
2983,inquiry
2984,rose
2985,surprisingly
2986,highlight
2987,decrease
2988,indication
2989,rail
2990,anniversary
2991,couch
2992,alliance
2993,hypothesis
2994,boyfriend
2995,compose
2996,mess
2997,legend
2998,regulate
2999,adolescent
3000,shine
3001,norm
3002,upset
3003,remark
3004,resign
3005,reward
3006,gentle
3007,related
3008,organ
3009,lightly
3010,concerning
3011,invent
3012,laughter
3013,northwest
3014,counseling
3015,receiver
3016,ritual
3017,insect
3018,interrupt
3019,salmon
3020,trading
3021,magic
3022,superior
3023,combat
3024,stem
3025,surgeon
3026,acceptable
3027,physics
3028,rape
3029,counsel
3030,jeans
3031,hunt
3032,continuous
3033,log
3034,echo
3035,pill
3036,excited
3037,sculpture
3038,compound
3039,integrate
3040,flour
3041,bitter
3042,bare
3043,slope
3044,rent
3045,presidency
3046,serving
3047,subtle
3048,greatly
3049,bishop
3050,drinking
3051,acceptance
3052,pump
3053,candy
3054,evil
3055,pleased
3056,medal
3057,beg
3058,sponsor
3059,ethical
3060,secondary
3061,slam
3062,export
3063,experimental
3064,melt
3065,midnight
3066,curve
3067,integrity
3068,entitle
3069,evident
3070,logic
3071,essence
3072,exclude
3073,harsh
3074,closet
3075,suburban
3076,greet
3077,interior
3078,corridor
3079,retail
3080,pitcher
3081,march
3082,snake
3083,excuse
3084,weakness
3085,pig
3086,classical
3087,estimated
3088,T-shirt
3089,unemployment
3090,civilization
3091,fold
3092,reverse
3093,missing
3094,correlation
3095,humanity
3096,flash
3097,developer
3098,reliable
3099,excitement
3100,beef
3101,Islam
3102,Roman
3103,architecture
3104,occasional
3105,administrative
3106,elbow
3107,deadly
3108,Hispanic
3109,allegation
3110,confuse
3111,airplane
3112,monthly
3113,duck
3114,dose
3115,Korean
3116,plead
3117,initiate
3118,lecture
3119,van
3120,sixth
3121,bay
3122,mainstream
3123,suburb
3124,sandwich
3125,trunk
3126,rumor
3127,implementation
3128,swallow
3129,motivate
3130,render
3131,longtime
3132,trap
3133,restrict
3134,cloth
3135,seemingly
3136,legislative
3137,effectiveness
3138,enforce
3139,lens
3140,inspector
3141,lend
3142,plain
3143,fraud
3144,companion
3145,contend
3146,nail
3147,array
3148,strict
3149,assemble
3150,frankly
3151,rat
3152,hay
3153,hallway
3154,cave
3155,inevitable
3156,southwest
3157,monster
3158,unexpected
3159,obstacle
3160,facilitate
3161,rip
3162,herb
3163,overwhelming
3164,integration
3165,crystal
3166,recession
3167,written
3168,motive
3169,flood
3170,pen
3171,ownership
3172,nightmare
3173,inspection
3174,supervisor
3175,consult
3176,arena
3177,diagnosis
3178,possession
3179,forgive
3180,consistently
3181,basement
3182,drift
3183,drain
3184,prosecution
3185,maximum
3186,announcement
3187,warrior
3188,prediction
3189,bacteria
3190,questionnaire
3191,mud
3192,infrastructure
3193,hurry
3194,privilege
3195,temple
3196,outdoor
3197,suck
3198,and/or
3199,broadcast
3200,re
3201,leap
3202,random
3203,wrist
3204,curtain
3205,pond
3206,domain
3207,guilt
3208,cattle
3209,walking
3210,playoff
3211,minimum
3212,fiscal
3213,skirt
3214,dump
3215,hence
3216,database
3217,uncomfortable
3218,execute
3219,limb
3220,ideology
3221,tune
3222,continuing
3223,harm
3224,railroad
3225,endure
3226,radiation
3227,horn
3228,chronic
3229,peaceful
3230,innovation
3231,strain
3232,guitar
3233,replacement
3234,behave
3235,administer
3236,simultaneously
3237,dancer
3238,amendment
3239,pad
3240,transmission
3241,await
3242,retired
3243,trigger
3244,spill
3245,grateful
3246,grace
3247,virtual
3248,colony
3249,adoption
3250,indigenous
3251,closed
3252,convict
3253,towel
3254,modify
3255,particle
3256,prize
3257,landing
3258,boost
3259,bat
3260,alarm
3261,festival
3262,grip
3263,weird
3264,undermine
3265,freshman
3266,sweat
3267,outer
3268,drunk
3269,separation
3270,traditionally
3271,govern
3272,southeast
3273,intelligent
3274,wherever
3275,ballot
3276,rhetoric
3277,convinced
3278,driving
3279,vitamin
3280,enthusiasm
3281,accommodate
3282,praise
3283,injure
3284,wilderness
3285,endless
3286,mandate
3287,respectively
3288,uncertainty
3289,chaos
3290,mechanical
3291,canvas
3292,forty
3293,lobby
3294,profound
3295,format
3296,trait
3297,currency
3298,turkey
3299,reserve
3300,beam
3301,astronomer
3302,corruption
3303,contractor
3304,apologize
3305,doctrine
3306,genuine
3307,thumb
3308,unity
3309,compromise
3310,horrible
3311,behavioral
3312,exclusive
3313,scatter
3314,commonly
3315,convey
3316,twist
3317,complexity
3318,fork
3319,disk
3320,relieve
3321,suspicion
3322,health-care
3323,residence
3324,shame
3325,meaningful
3326,sidewalk
3327,Olympics
3328,technological
3329,signature
3330,pleasant
3331,wow
3332,suspend
3333,rebel
3334,frozen
3335,spouse
3336,fluid
3337,pension
3338,resume
3339,theoretical
3340,sodium
3341,promotion
3342,delicate
3343,forehead
3344,rebuild
3345,bounce
3346,electrical
3347,hook
3348,detective
3349,traveler
3350,click
3351,compensation
3352,exit
3353,attraction
3354,dedicate
3355,altogether
3356,pickup
3357,carve
3358,needle
3359,belly
3360,scare
3361,portfolio
3362,shuttle
3363,invisible
3364,timing
3365,engagement
3366,ankle
3367,transaction
3368,rescue
3369,counterpart
3370,historically
3371,firmly
3372,mild
3373,rider
3374,doll
3375,noon
3376,amid
3377,identical
3378,precise
3379,anxious
3380,structural
3381,residential
3382,diagnose
3383,carbohydrate
3384,liberty
3385,poster
3386,theology
3387,nonprofit
3388,crawl
3389,oxygen
3390,handsome
3391,sum
3392,provided
3393,businessman
3394,promising
3395,conscious
3396,determination
3397,donor
3398,hers
3399,pastor
3400,jazz
3401,opera
3402,acquisition
3403,pit
3404,hug
3405,wildlife
3406,punish
3407,equity
3408,doorway
3409,departure
3410,elevator
3411,teenage
3412,guidance
3413,happiness
3414,statue
3415,pursuit
3416,repair
3417,decent
3418,gym
3419,oral
3420,clerk
3421,envelope
3422,reporting
3423,destination
3424,fist
3425,endorse
3426,exploration
3427,generous
3428,bath
3429,thereby
3430,indicator
3431,sunlight
3432,feedback
3433,spectrum
3434,purple
3435,laser
3436,bold
3437,reluctant
3438,starting
3439,expertise
3440,practically
3441,eating
3442,hint
3443,sharply
3444,parade
3445,realm
3446,cancel
3447,blend
3448,therapist
3449,peel
3450,pizza
3451,recipient
3452,hesitate
3453,flip
3454,accounting
3455,bias
3456,huh
3457,metaphor
3458,candle
3459,judicial
3460,entity
3461,suffering
3462,full-time
3463,lamp
3464,garbage
3465,servant
3466,regulatory
3467,diplomatic
3468,elegant
3469,reception
3470,vanish
3471,automatically
3472,chin
3473,necessity
3474,confess
3475,racism
3476,starter
3477,banking
3478,casual
3479,gravity
3480,enroll
3481,diminish
3482,prevention
3483,minimize
3484,chop
3485,performer
3486,intent
3487,isolate
3488,inventory
3489,productive
3490,assembly
3491,civic
3492,silk
3493,magnitude
3494,steep
3495,hostage
3496,collector
3497,popularity
3498,alien
3499,dynamic
3500,scary
3501,equation
3502,angel
3503,offering
3504,rage
3505,photography
3506,toilet
3507,disappointed
3508,precious
3509,prohibit
3510,realistic
3511,hidden
3512,tender
3513,gathering
3514,outstanding
3515,stumble
3516,lonely
3517,automobile
3518,artificial
3519,dawn
3520,abstract
3521,descend
3522,silly
3523,tide
3524,shared
3525,hopefully
3526,readily
3527,cooperate
3528,revolutionary
3529,romance
3530,hardware
3531,pillow
3532,kit
3533,continent
3534,seal
3535,circuit
3536,ruling
3537,shortage
3538,annually
3539,lately
3540,scan
3541,fool
3542,deadline
3543,rear
3544,processing
3545,ranch
3546,coastal
3547,undertake
3548,softly
3549,burning
3550,verbal
3551,tribal
3552,ridiculous
3553,automatic
3554,diamond
3555,credibility
3556,import
3557,sexually
3558,divine
3559,sentiment
3560,cart
3561,oversee
3562,o'clock
3563,elder
3564,pro
3565,inspiration
3566,Dutch
3567,quantity
3568,trailer
3569,mate
3570,Greek
3571,genius
3572,monument
3573,bid
3574,quest
3575,sacrifice
3576,invitation
3577,accuracy
3578,juror
3579,officially
3580,broker
3581,treasure
3582,loyalty
3583,talented
3584,gasoline
3585,stiff
3586,output
3587,nominee
3588,extended
3589,diabetes
3590,slap
3591,toxic
3592,alleged
3593,jaw
3594,grief
3595,mysterious
3596,rocket
3597,donate
3598,inmate
3599,tackle
3600,dynamics
3601,bow
3602,ours
3603,dignity
3604,carpet
3605,parental
3606,bubble
3607,buddy
3608,barn
3609,sword
3610,seventh
3611,glory
3612,tightly
3613,protective
3614,tuck
3615,drum
3616,faint
3617,queen
3618,dilemma
3619,input
3620,specialize
3621,northeast
3622,shallow
3623,liability
3624,sail
3625,merchant
3626,stadium
3627,improved
3628,bloody
3629,associated
3630,withdrawal
3631,refrigerator
3632,nest
3633,thoroughly
3634,lane
3635,ancestor
3636,condemn
3637,steam
3638,accent
3639,optimistic
3640,unite
3641,cage
3642,equip
3643,shrimp
3644,homeland
3645,rack
3646,costume
3647,wolf
3648,courtroom
3649,statute
3650,cartoon
3651,productivity
3652,grin
3653,symbolic
3654,bug
3655,bless
3656,aunt
3657,agriculture
3658,hostile
3659,conceive
3660,combined
3661,instantly
3662,bankruptcy
3663,vaccine
3664,bonus
3665,collaboration
3666,mixed
3667,opposed
3668,orbit
3669,grasp
3670,patience
3671,spite
3672,tropical
3673,voting
3674,patrol
3675,willingness
3676,revelation
3677,calm
3678,jewelry
3679,Cuban
3680,haul
3681,concede
3682,wagon
3683,afterward
3684,spectacular
3685,ruin
3686,sheer
3687,immune
3688,reliability
3689,ass
3690,alongside
3691,bush
3692,exotic
3693,fascinating
3694,clip
3695,thigh
3696,bull
3697,drawer
3698,sheep
3699,discourage
3700,coordinator
3701,ideological
3702,runner
3703,secular
3704,intimate
3705,empire
3706,cab
3707,exam
3708,documentary
3709,neutral
3710,biology
3711,flexible
3712,progressive
3713,web
3714,conspiracy
3715,casualty
3716,republic
3717,execution
3718,terrific
3719,whale
3720,functional
3721,instinct
3722,teammate
3723,aluminum
3724,whoever
3725,ministry
3726,verdict
3727,instruct
3728,skull
3729,self-esteem
3730,cooperative
3731,manipulate
3732,bee
3733,practitioner
3734,loop
3735,edit
3736,whip
3737,puzzle
3738,mushroom
3739,subsidy
3740,boil
3741,tragic
3742,mathematics
3743,mechanic
3744,jar
3745,earthquake
3746,pork
3747,creativity
3748,safely
3749,underlying
3750,dessert
3751,sympathy
3752,fisherman
3753,incredibly
3754,isolation
3755,sock
3756,eleven
3757,sexy
3758,entrepreneur
3759,syndrome
3760,bureau
3761,workplace
3762,ambition
3763,touchdown
3764,utilize
3765,breeze
3766,costly
3767,ambitious
3768,Christianity
3769,presumably
3770,influential
3771,translation
3772,uncertain
3773,dissolve
3774,statistical
3775,gut
3776,metropolitan
3777,rolling
3778,aesthetic
3779,spell
3780,insert
3781,booth
3782,helmet
3783,waist
3784,expected
3785,lion
3786,accomplishment
3787,royal
3788,panic
3789,crush
3790,actively
3791,cliff
3792,minimal
3793,cord
3794,fortunately
3795,cocaine
3796,illusion
3797,anonymous
3798,tolerate
3799,appreciation
3800,commissioner
3801,flexibility
3802,instructional
3803,scramble
3804,casino
3805,tumor
3806,decorate
3807,pulse
3808,equivalent
3809,fixed
3810,experienced
3811,donation
3812,diary
3813,sibling
3814,irony
3815,spoon
3816,midst
3817,alley
3818,interact
3819,soap
3820,cute
3821,rival
3822,short-term
3823,punch
3824,pin
3825,hockey
3826,passing
3827,persist
3828,supplier
3829,known
3830,momentum
3831,purse
3832,shed
3833,liquid
3834,icon
3835,elephant
3836,consequently
3837,legislature
3838,franchise
3839,correctly
3840,mentally
3841,foster
3842,bicycle
3843,encouraging
3844,cheat
3845,heal
3846,fever
3847,filter
3848,rabbit
3849,coin
3850,exploit
3851,accessible
3852,organism
3853,sensation
3854,partially
3855,upstairs
3856,dried
3857,conservation
3858,shove
3859,backyard
3860,charter
3861,stove
3862,consent
3863,comprise
3864,reminder
3865,alike
3866,placement
3867,dough
3868,grandchild
3869,dam
3870,reportedly
3871,well-known
3872,surrounding
3873,ecological
3874,outfit
3875,unprecedented
3876,columnist
3877,workout
3878,preliminary
3879,patent
3880,shy
3881,trash
3882,disabled
3883,gross
3884,damn
3885,hormone
3886,texture
3887,pencil
3888,frontier
3889,spray
3890,disclose
3891,custody
3892,banker
3893,beast
3894,interfere
3895,oak
3896,eighth
3897,notebook
3898,outline
3899,attendance
3900,speculation
3901,uncover
3902,behalf
3903,innovative
3904,shark
3905,mill
3906,installation
3907,stimulate
3908,tag
3909,vertical
3910,swimming
3911,fleet
3912,catalog
3913,outsider
3914,desperately
3915,stance
3916,compel
3917,sensitivity
3918,someday
3919,instant
3920,debut
3921,proclaim
3922,worldwide
3923,hike
3924,required
3925,confrontation
3926,colorful
3927,constitution
3928,trainer
3929,Thanksgiving
3930,scent
3931,stack
3932,eyebrow
3933,sack
3934,cease
3935,inherit
3936,tray
3937,pioneer
3938,organizational
3939,textbook
3940,uh
3941,nasty
3942,shrink
3943,emerging
3944,dot
3945,wheat
3946,fierce
3947,envision
3948,rational
3949,kingdom
3950,aisle
3951,weaken
3952,protocol
3953,exclusively
3954,vocal
3955,marketplace
3956,openly
3957,unfair
3958,terrain
3959,deploy
3960,risky
3961,pasta
3962,genre
3963,distract
3964,merit
3965,planner
3966,depressed
3967,chunk
3968,closest
3969,discount
3970,ladder
3971,jungle
3972,migration
3973,breathing
3974,invade
3975,hurricane
3976,retailer
3977,classify
3978,coup
3979,ambassador
3980,density
3981,supportive
3982,curiosity
3983,skip
3984,aggression
3985,stimulus
3986,journalism
3987,robot
3988,dip
3989,likewise
3990,informal
3991,Persian
3992,feather
3993,sphere
3994,tighten
3995,boast
3996,pat
3997,perceived
3998,sole
3999,publicity
4000,unfold
4001,well-being
4002,validity
4003,ecosystem
4004,strictly
4005,partial
4006,collar
4007,weed
4008,compliance
4009,streak
4010,supposedly
4011,added
4012,builder
4013,glimpse
4014,premise
4015,specialty
4016,deem
4017,artifact
4018,sneak
4019,monkey
4020,mentor
4021,two-thirds
4022,listener
4023,lightning
4024,legally
4025,sleeve
4026,disappointment
4027,disturb
4028,rib
4029,excessive
4030,high-tech
4031,debris
4032,rod
4033,logical
4034,ash
4035,socially
4036,parish
4037,slavery
4038,blank
4039,commodity
4040,cure
4041,mineral
4042,hunger
4043,dying
4044,developmental
4045,faster
4046,spare
4047,halfway
4048,equality
4049,cemetery
4050,harassment
4051,deliberately
4052,fame
4053,regret
4054,striking
4055,likelihood
4056,carrot
4057,atop
4058,toll
4059,rim
4060,embarrassed
4061,fucking
4062,cling
4063,isolated
4064,blink
4065,suspicious
4066,wheelchair
4067,squad
4068,eligible
4069,processor
4070,plunge
4071,demographic
4072,chill
4073,refuge
4074,steer
4075,legislator
4076,rally
4077,programming
4078,cheer
4079,outlet
4080,intact
4081,vendor
4082,thrive
4083,peanut
4084,chew
4085,elaborate
4086,conception
4087,auction
4088,steak
4089,comply
4090,triumph
4091,shareholder
4092,comparable
4093,transport
4094,conscience
4095,calculation
4096,considerably
4097,interval
4098,scratch
4099,awake
4100,jurisdiction
4101,inevitably
4102,feminist
4103,constraint
4104,emotionally
4105,expedition
4106,allegedly
4107,similarity
4108,butt
4109,lid
4110,dumb
4111,bulk
4112,sprinkle
4113,mortality
4114,philosophical
4115,conversion
4116,patron
4117,municipal
4118,liver
4119,harmony
4120,solely
4121,tolerance
4122,goat
4123,blessing
4124,banana
4125,palace
4126,formerly
4127,peasant
4128,neat
4129,grandparent
4130,lawmaker
4131,supermarket
4132,cruise
4133,mobile
4134,calendar
4135,widow
4136,deposit
4137,beard
4138,brake
4139,screening
4140,impulse
4141,forbid
4142,fur
4143,brutal
4144,predator
4145,poke
4146,opt
4147,voluntary
4148,valid
4149,forum
4150,dancing
4151,happily
4152,soar
4153,removal
4154,autonomy
4155,enact
4156,thread
4157,landmark
4158,unhappy
4159,offender
4160,coming
4161,privately
4162,fraction
4163,distinctive
4164,tourism
4165,threshold
4166,routinely
4167,suite
4168,regulator
4169,straw
4170,theological
4171,exhaust
4172,globe
4173,fragile
4174,objection
4175,chemistry
4176,old-fashioned
4177,crowded
4178,blast
4179,prevail
4180,overnight
4181,denial
4182,rental
4183,fantastic
4184,fragment
4185,screw
4186,warmth
4187,undergraduate
4188,headache
4189,policeman
4190,projection
4191,suitable
4192,graduation
4193,drill
4194,cruel
4195,mansion
4196,grape
4197,authorize
4198,cottage
4199,driveway
4200,charm
4201,sexuality
4202,loyal
4203,clay
4204,balloon
4205,invention
4206,ego
4207,fare
4208,homework
4209,disc
4210,sofa
4211,availability
4212,radar
4213,frown
4214,regain
4215,sweater
4216,rehabilitation
4217,rubber
4218,retreat
4219,molecule
4220,freely
4221,favorable
4222,steadily
4223,integrated
4224,ha
4225,youngster
4226,premium
4227,accountability
4228,overwhelm
4229,one-third
4230,contemplate
4231,update
4232,spark
4233,ironically
4234,fatigue
4235,speculate
4236,marker
4237,preach
4238,bucket
4239,blond
4240,confession
4241,provoke
4242,marble
4243,substantially
4244,defender
4245,explicit
4246,disturbing
4247,surveillance
4248,magnetic
4249,technician
4250,mutter
4251,devastating
4252,depart
4253,arrow
4254,trauma
4255,neighboring
4256,soak
4257,ribbon
4258,meantime
4259,transmit
4260,harvest
4261,consecutive
4262,coordinate
4263,spy
4264,slot
4265,riot
4266,nutrient
4267,citizenship
4268,severely
4269,sovereignty
4270,ridge
4271,brave
4272,lighting
4273,specify
4274,contributor
4275,frustrate
4276,articulate
4277,importantly
4278,transit
4279,dense
4280,seminar
4281,electronics
4282,sunny
4283,shorts
4284,swell
4285,accusation
4286,soften
4287,straighten
4288,terribly
4289,cue
4290,bride
4291,biography
4292,hazard
4293,compelling
4294,seldom
4295,tile
4296,economically
4297,honestly
4298,troubled
4299,twentieth
4300,balanced
4301,foreigner
4302,convenience
4303,delight
4304,weave
4305,timber
4306,till
4307,accurately
4308,plea
4309,bulb
4310,flying
4311,sustainable
4312,devil
4313,bolt
4314,cargo
4315,spine
4316,seller
4317,skilled
4318,managing
4319,marine
4320,dock
4321,organized
4322,fog
4323,diplomat
4324,boring
4325,sometime
4326,summary
4327,missionary
4328,epidemic
4329,fatal
4330,trim
4331,warehouse
4332,accelerate
4333,butterfly
4334,bronze
4335,drown
4336,inherent
4337,nationwide
4338,spit
4339,kneel
4340,vacuum
4341,selected
4342,dictate
